handle,name
urban.nomad,Urban Nomad
thefitdiary,Fit Diary
wanderwithneha,Wander With Neha
techbyarjun,Tech By Arjun
dailybrewco,Daily Brew Co
soulful.riya,Soulful Riya
itsme.kunal,Its Me Kunal
foodieframes,Foodie Frames
lensofmira,Lens Of Mira
codingwithraj,Coding With Raj
chai.and.codes,Chai And Codes
traveldiaries.avi,Travel Diaries Avi
theminimalvibe,The Minimal Vibe
streetshots.sam,Street Shots Sam
aesthetic.anu,Aesthetic Anu
pixelbypranav,Pixel By Pranav
desi.traveller,Desi Traveller
startup.talks,Startup Talks
lifeof.ishita,Life Of Ishita
theartsyrahul,The Artsy Rahul
hustlewithharsh,Hustle With Harsh
mumbaimeraki,Mumbai Meraki
delhidiaries.aman,Delhi Diaries Aman
thewellnessroute,The Wellness Route
glowwithkavya,Glow With Kavya
nomadbites,Nomad Bites
vibesof.tanvi,Vibes Of Tanvi
digital.darshan,Digital Darshan
natureframe.nikhil,Nature Frame Nikhil
creativeminds.co,Creative Minds Co
fitwith.nisha,Fit With Nisha
bengaluru.bytes,Bengaluru Bytes
roaming.rutvi,Roaming Rutvi
snapstory.sid,Snap Story Sid
traveljunkie.jay,Travel Junkie Jay
urbanstyle.sana,Urban Style Sana
codeandcoffee.dev,Code And Coffee
explorewith.ved,Explore With Ved
thequietpoet,The Quiet Poet
yogawithmeera,Yoga With Meera
clicksby.aarav,Clicks By Aarav
designsbyisha,Designs By Isha
nightowl.neil,Night Owl Neil
simplysakshi,Simply Sakshi
thegrowthhub,The Growth Hub
foodmap.india,Food Map India
storiesbyrehan,Stories By Rehan
dreambig.diya,Dream Big Diya
thefinanceguy,The Finance Guy
artofliving.rihan,Art Of Living Rihan
